{
    "os": "win32",
    "src/editor/editor.c": 1750529454.2568886,
    "src/engine/engine.c": 1750528853.1430488
}